"1",".net","866","680","679"
"2","asp.net-web-api","174","3029","3028"
"3","delphi","118","20","19"
"4","c++","2499","15","14"
"5","string","639","585","584"
"6","casting","15","6304","6303"
"7","google-maps","494","891","890"
"8","angularjs","1414","22","21"
"9","jasmine","5","1701","1700"
"10","karma-jasmine","4","6753","6752"
"11","typescript","676","737","736"
"12","perl","61","306","305"
"13","ios","558","616","615"
"14","xcode","359","690","689"
"15","elixir","4","4210","4209"
"16","javascript","17137","86","85"
"18","ruby-on-rails","621","4000","3999"
"20","ruby","393","283","282"
"21","vistas","57","662","661"
"23","jquery","7403","500","499"
"24","android","7507","116","115"
"25","socket","183","5008","5007"
"26","tcpip","12","641","640"
"27","tcp","26","643","642"
"28","mysql","8444","99","98"
"29","datetime","225","1672","1671"
"30","timestamp","49","692","691"
"31","sql","5437","144","143"
"34","join","144","9788","9787"
"35","oracle","916","578","577"
"36","oracle-10g","22","590","589"
"37","asp.net","2089","494","493"
"38","bower","13","186","185"
"39","c++11","130","869","868"
"41","google-apps-script","195","893","892"
"42","momentjs","49","730","729"
"44","http","242","1525","1524"
"45","post","279","5268","5267"
"47","kendoui","15","1549","1548"
"49","bash","418","682","681"
"50","c#","8682","125","124"
"51","java","13245","173","172"
"52","spring","540","684","683"
"53","hibernate","340","672","671"
"54","python","6654","242","241"
"55","variables","326","7109","7108"
"58","git","459","183","182"
"59","commit","9","10051","10050"
"62","laravel","3541","166","165"
"63","php","18365","409","408"
"64","ajax","3168","686","685"
"65","html","9183","164","163"
"66","css","3901","114","113"
"67","fish","2","28246","28245"
"68","android-intent","110","10023","10022"
"69","android-asynctask","133","17927","17926"
"70","linux","1031","327","326"
"71","shell","184","700","699"
"72","sed","29","698","697"
"73","awk","31","1684","1683"
"74","android-layout","493","650","649"
"75","unidades-de-medición","3","",""
"77","pharo","2","1153","1152"
"78","smalltalk","4","696","695"
"80","regex","637","240","239"
"81","email","324","706","705"
"82","validación","291","1674","1673"
"83","rendimiento","55","10026","10025"
"84","optimización","90","834","833"
"88","wcf","112","1680","1679"
"89","soap","211","688","687"
"90","soapui","18","1626","1625"
"96","try-catch","42","27860","27859"
"97","str-replace","33","10043","10042"
"99","git-commit","32","1002","1001"
"100","dukescript","3","652","651"
"101","admob","46","867","866"
"103","funciones","511","5006","5005"
"105","jvm","12","631","630"
"107","eclipse","473","919","918"
"108","depuración","28","2363","2362"
"109","jboss","42","1610","1609"
"110","vagrant","24","1592","1591"
"111","puppet","1","716","715"
"114","doctrine","46","5395","5394"
"115","doctrine2","49","5493","5492"
"116","matemáticas","105","3899","3898"
"117","coma-flotante","11","5274","5273"
"119","laravel-5","1750","216","215"
"123","zsh","5","531","530"
"124","django","1529","658","657"
"128","constructor","66","2395","2394"
"129","clase-abstracta","33","10037","10036"
"130","mercurial","3","887","886"
"131","control-de-versiones","25","1608","1607"
"132","pip","52","7107","7106"
"133","ubuntu","520","529","528"
"134","python-2.7","569","1519","1518"
"135","entity-framework","379","1392","1391"
"136","model-view-controller","55","1697","1696"
"138","formularios","619","1836","1835"
"139","html5","3261","527","526"
"140","comparaciones","57","6306","6305"
"141","knockoutjs","23","1541","1540"
"146","css3","1262","965","964"
"147","3d","15","1620","1619"
"148","importación","43","30748","30747"
"149","numpy","197","4811","4810"
"150","array","1972","843","842"
"152","google-newsstand-producer","1","533","532"
"153","objective-c","97","523","522"
"154","swift","514","694","693"
"160","visual-studio","1118","929","928"
"161","programación-funcional","79","525","524"
"162","android-softkeyboard","10","26491","26490"
"164","nodejs","1800","674","673"
"165","ec2","21","3477","3476"
"166","npm","203","1655","1654"
"167","aurelia.io","2","1596","1595"
"168","select2","93","4880","4879"
"169","rspec","7","656","655"
"170","python-3.x","2442","1521","1520"
"171","xml","829","496","495"
"172","codificación","62","9657","9656"
"173","utf-8","103","865","864"
"174","cordova","211","1033","1032"
"175","algoritmos","317","704","703"
"176","condiciones","226","6269","6268"
"177","loops","154","728","727"
"180","licencias","22","7113","7112"
"182","código-abierto","1","726","725"
"184","json","2263","749","748"
"185","gson","48","3222","3221"
"186","sql-server","2963","613","612"
"187","youtube","38","722","721"
"188","verilog","8","597","596"
"190","netbeans","670","670","669"
"191","plugin","106","714","713"
"192","c","1611","583","582"
"194","manejo-de-memoria","83","1717","1716"
"195","pdf","424","389","388"
"196","reportlab","20","5685","5684"
"197","azure","115","848","847"
"199","maven","175","521","520"
"200","android-auto","1","647","646"
"201","spring-roo","11","2769","2768"
"202","gvnix","17","4882","4881"
"205","punteros","168","517","516"
"206","excepciones","146","1715","1714"
"208","office365","22","6094","6093"
"209","mongodb","539","712","711"
"210","genexus","117","606","605"
"212","devices","6","925","924"
"217","sequelize.js","30","2639","2638"
"218","struts","38","724","723"
"219","hql","28","3278","3277"
"220","jpa","271","1574","1573"
"221","seam","3","",""
"223","dom","195","702","701"
"226","excel","821","1394","1393"
"227","vba","445","498","497"
"231","directorioactivo","29","9784","9783"
"232","smartcard","8","31834","31833"
"233","java-ee","261","1678","1677"
"234","servlets","189","720","719"
"235","yii2","111","1385","1384"
"236","lenguaje-agnóstico","46","1523","1522"
"238","google-hoja-de-cálculo","178","4806","4805"
"240","archivo","395","741","740"
"243","object","142","10030","10029"
"247","sandbox","6","921","920"
"249","seguridad","142","4875","4874"
"255","djangorestframework","121","4871","4870"
"256","api","706","676","675"
"257","permisos","88","9798","9797"
"259","signalr","32","889","888"
"260","real-time","23","15084","15083"
"264","hilos","295","5322","5321"
"266","matrices-asociativas","6","",""
"267","ordenamiento","97","1604","1603"
"268","booleano","37","708","707"
"269","conda","10","1111","1110"
"270","matplotlib","153","710","709"
"271","pyqt5","163","28788","28787"
"272","embebido","28","30616","30615"
"273","pouchdb","1","1699","1698"
"276","github","190","831","830"
"277","git-push","62","1851","1850"
"278","git-fork","6","1853","1852"
"280","sharepoint","33","2530","2529"
"281","sharepoint-online","17","7926","7925"
"283","go","57","645","644"
"285","servicio","114","639","638"
"286","ssis","39","20482","20481"
"287","conversión-de-tipos","53","1554","1553"
"288","i18n","10","1848","1847"
"290","ide","47","863","862"
"292","google-forms","24","10035","10034"
"293","uiwebview","8","5318","5317"
"294","ios8","8","1682","1681"
"295","sublimetext","24","798","797"
"296","sublimetext3","72","1694","1693"
"297","phpmyadmin","726","1855","1854"
"300","clase","179","829","828"
"301","método","149","827","826"
"302","rsync","9","9873","9872"
"303","depurar","15","7133","7132"
"305","asp.net-core","252","1713","1712"
"306","yii","43","1042","1041"
"307","yiibooster","1","1387","1386"
"308","cache","64","802","801"
"312","wordpress","1062","825","824"
"313","android-sqlite","151","5262","5261"
"314","haskell","79","885","884"
"316","estructuras-de-datos","203","1622","1621"
"320","pillow","9","7099","7098"
"322","tipos","17","1566","1565"
"323","navigationview","26","27823","27822"
"324","unix","103","857","856"
"325","grep","29","1517","1516"
"326","ascii","42","861","860"
"328","wpf","304","1390","1389"
"329","xaml","108","1538","1537"
"330","asincronismo","45","7119","7118"
"331","indexeddb","13","878","877"
"332","vb.net","1170","883","882"
"333","nosql","40","1513","1512"
"334","reactjs","784","923","922"
"336","reflexión","9","27830","27829"
"338","automapper","13","28285","28284"
"339","xpath","58","1711","1710"
"340","poo","629","1606","1605"
"341","thymeleaf","49","1689","1688"
"342","vpn","22","1038","1037"
"343","django-models","284","1667","1666"
"344","users-roles","35","30736","30735"
"345","nginx","116","1865","1864"
"346","logrotate","1","7097","7096"
"347","configuración","50","9655","9654"
"348","perl6","4","2225","2224"
"352","asp.net-mvc-5","698","1572","1571"
"353","razor","205","2115","2114"
"354","osx","23","977","976"
"355","rss","11","975","974"
"358","windows-forms","901","1761","1760"
"359","latex","32","987","986"
"360","r","832","990","989"
"361","ggplot2","67","1045","1044"
"362","ms-access-2010","44","9791","9790"
"363","jersey","22","1210","1209"
"364","atmosphere","2","1109","1108"
"365","swagger","22","1104","1103"
"366","abap","6","2478","2477"
"368","postgresql","880","1080","1079"
"369","rodbc","2","",""
"370","java-8","179","2369","2368"
"372","bigdecimal","13","23159","23158"
"373","redondeo","13","10028","10027"
"374","double","43","1612","1611"
"375","nuget","21","1397","1396"
"376","web2py","21","1670","1669"
"377","magento2","28","9813","9812"
"378","backbone","13","1383","1382"
"379","bootstrap","1757","1536","1535"
"380","apache-poi","61","1190","1189"
"381","ssms","17","1192","1191"
"382","swift2","172","1583","1582"
"384","tsql","76","1206","1205"
"386","azure-storage","10","1863","1862"
"388","sqlite3","77","1338","1337"
"389","bookmarklet","1","1255","1254"
"390","gmail","67","1257","1256"
"391","lista","580","1624","1623"
"394","windows","546","1676","1675"
"395","avd","10","1288","1287"
"396","firebird","38","1302","1301"
"397","facebook","134","2360","2359"
"398","internet-explorer-11","17","3159","3158"
"400","asp.net-mvc","1076","1581","1580"
"401","yield","6","",""
"403","visual-studio-2010","42","5314","5313"
"404","wolfram-mathematica","3","1365","1364"
"406","multitasking","12","1719","1718"
"407","underscorejs","6","1529","1528"
"409","jboss-eap","9","2933","2932"
"410","ember.js","6","1406","1405"
"411","corona","3","1401","1400"
"412","clojure","2","2418","2417"
"414","consola","138","1615","1614"
"415","proceso","33","7105","7104"
"416","paso-por-valor","6","5270","5269"
"417","paso-por-referencia","14","5266","5265"
"418","debian","112","1463","1462"
"419","ntfs","1","1515","1514"
"420","qt","231","1481","1480"
"421","jquery-datepicker","52","1562","1561"
"423","google-drive","61","1569","1568"
"425","couchdb","5","1639","1638"
"426","jdbc","134","1579","1578"
"427","firebase","946","2537","2536"
"428","meteor","34","1641","1640"
"430","cuenta-usuario","23","",""
"431","spring-mvc","176","1691","1690"
"432","seo","78","1637","1636"
"435","joomla3","47","2358","2357"
"436","sqlfiddle","4","5687","5686"
"439","jsf","395","1777","1776"
"440","primefaces","269","1857","1856"
"442","localización","13","1764","1763"
"443","base64","72","1838","1837"
"446","mysqli","1216","2355","2354"
"447","motor-de-juego","18","9795","9794"
"448","xhtml","57","1897","1896"
"451","oracle-11g","233","1895","1894"
"452","codeigniter","635","4884","4883"
"453","codeigniter-3","167","7293","7292"
"455","jquery-mobile","27","1893","1892"
"456","makefile","22","1900","1899"
"457","ionic","630","2353","2352"
"460","visual-studio-2015","338","1939","1938"
"461","arduino","185","1941","1940"
"464","gstreamer","4","31923","31922"
"465","unity3d","182","1995","1994"
"466","eventos","203","5392","5391"
"467","dns","76","2351","2350"
"468","iana","1","17340","17339"
"470","2d","10","2146","2145"
"472","google-chrome","106","2367","2366"
"473","oauth","28","2044","2043"
"475","android-studio","3175","2227","2226"
"477","clickonce","8","2048","2047"
"478","deployment","43","6302","6301"
"481","alfresco","4","2088","2087"
"482","ftp","105","2097","2096"
"484","jsfiddle","7","7928","7927"
"485","scss","72","9663","9662"
"486","uwp","53","2141","2140"
"487","celery","7","28811","28810"
"488","io","12","31809","31808"
"489","powershell","110","2138","2137"
"491","sass","80","2144","2143"
"493","gulp","58","3902","3901"
"494","gulp-sass","9","28853","28852"
"495","hapijs","1","2192","2191"
"498","gradle","122","2170","2169"
"499","operador","55","2207","2206"
"500","webgl","7","2365","2364"
"502","google-datastore","5","3655","3654"
"503","google-app-engine","42","3133","3132"
"504","objectify","2","3653","3652"
"505","constantes","9","4400","4399"
"506","tkinter","361","7103","7102"
"507","linq","327","2372","2371"
"508","apache","479","2347","2346"
"511","base-de-datos","1836","5010","5009"
"512","dup","1","3364","3363"
"513","subversion","4","2414","2413"
"514","svn","12","2416","2415"
"515","parse.com","11","2422","2421"
"516","highcharts","141","2476","2475"
"518","azure-redis","3","",""
"519","split","67","34740","34739"
"521","entity-framework-6","152","2712","2711"
"522","ingeniería-inversa","4","7131","7130"
"524","binding","32","24743","24742"
"525","mvvm","55","2719","2718"
"526","swt","4","2745","2744"
"527",".htaccess","363","3026","3025"
"528","redirección","79","9802","9801"
"529","reescritura-url","12","9800","9799"
"530","mod-rewrite","47","9659","9658"
"531","pm2","4","3362","3361"
"532","pycharm","33","2774","2773"
"534","linq-to-sql","48","2714","2713"
"536","dbml","1","2777","2776"
"537","windows-installer","15","2931","2930"
"538","scala","32","2717","2716"
"539","internet-explorer","53","3157","3156"
"540","internet-explorer-9","6","15078","15077"
"542","sqlite","411","2725","2724"
"543","spring-security","69","2758","2757"
"544","windows10","137","2765","2764"
"546","conflictos","3","",""
"547","visual-studio-2013","80","2923","2922"
"548","revisión-de-código","123","2785","2784"
"550","google-visualization","25","64672","64671"
"552","angular-directivas","67","9999","9998"
"553","ecmascript-2015","32","2842","2841"
"554","c++98","16","16818","16817"
"555","express","396","2909","2908"
"556","gpg","5","2907","2906"
"558","intellij","48","2915","2914"
"559","javadoc","3","2904","2903"
"560","registro-windows","9","2936","2935"
"562","less","10","3482","3481"
"563","asp","249","2979","2978"
"564","midi","2","2983","2982"
"565","bundler","5","3599","3598"
"566","gemfile","6","3117","3116"
"568","filtros-css","4","",""
"569","d3.js","43","3017","3016"
"572","plsql","228","3107","3106"
"573","sqldeveloper","36","3155","3154"
"575","docker","171","3280","3279"
"576","lyx","3","3189","3188"
"577","iis","169","3109","3108"
"578","azul-zulu","2","3092","3091"
"579","drools","4","3105","3104"
"580","rabbit-mq","4","3205","3204"
"583","amcharts","11","4774","4773"
"584","geo-localizacion","91","7117","7116"
"585","java-9","9","3226","3225"
"587","spring-webflow","1","3259","3258"
"590","as400","9","5924","5923"
"594","jsp","533","3474","3473"
"595","cq5","2","22867","22866"
"596","aem","2","22859","22858"
"598","tinymce","19","4803","4802"
"599","pygame","60","3486","3485"
"601","ponyorm","2","3663","3662"
"602","bottle","5","5919","5918"
"603","test-ng","17","15626","15625"
"605","django-admin","71","5210","5209"
"606","django-forms","192","5221","5220"
"607","diálogo","39","28732","28731"
"608","tweepy","19","3539","3538"
"611","symfony2","154","5316","5315"
"613","fullcalendar","116","3648","3647"
"614","internacionalización","8","7125","7124"
"617","rest","317","5272","5271"
"619","xstream","2","7093","7092"
"620","spring-tool-suite","27","4393","4392"
"622","aplicación-web","263","9636","9635"
"623","iron-router","2","28837","28836"
"625","java-swing","552","5499","5498"
"626","requirejs","8","3818","3817"
"627","babeljs","16","3861","3860"
"629","javafx","269","3863","3862"
"630","bootstrap-carousel","37","3834","3833"
"631","asterisk","9","3866","3865"
"632","lazarus","7","3882","3881"
"633","angularjs-2.0","284","3885","3884"
"634","pagejs","1","3905","3904"
"635","material-design-lite","12","3935","3934"
"638","jade","38","3988","3987"
"639","android-glide","22","3994","3993"
"640","zip","49","4396","4395"
"643","curl","140","4324","4323"
"644","mono","13","4078","4077"
"645","zepto","1","5143","5142"
"647","groovy","32","4150","4149"
"648","serialización","69","4192","4191"
"649","sailsjs","19","4189","4188"
"650","genymotion","13","5883","5882"
"652","crystal-reports","137","4326","4325"
"653","twitter-api","36","4809","4808"
"654","wasync","1","4328","4327"
"655","ms-acces-2007","6","4391","4390"
"656","ensamblador","76","4389","4388"
"657","masm","7","4386","4385"
"658","selenium","177","4365","4364"
"661","xamarin","286","4426","4425"
"662","moodle","27","4462","4461"
"663","md5","23","4468","4467"
"664","encriptación","85","4644","4643"
"667","jboss-as-7","4","28238","28237"
"668","inyeccion-de-dependencias","22","4751","4750"
"672","datepicker","156","6309","6308"
"673","libgdx","23","17118","17117"
"676","sync-framework","3","4749","4748"
"677","interop","26","",""
"678","genéricos","4","",""
"680","extjs","48","5136","5135"
"681","autocompletar","52","32396","32395"
"682","jquery-ui","116","5026","5025"
"683","jspdf","46","5021","5020"
"684","fecha","208","10032","10031"
"686","android-drawerlayout","32","26794","26793"
"687","drag-and-drop","29","5280","5279"
"688","agarrar-y-soltar","1","5278","5277"
"689","django-smart-selects","4","",""
"690","oauth2","41","5284","5283"
"692","formulas","37","5163","5162"
"695","date","294","9643","9642"
"698","animación","64","5282","5281"
"699","pyqt","116","27818","27817"
"700","bluetooth","68","5276","5275"
"701","odoo","80","5913","5912"
"702","álgebra-relacional","3","7123","7122"
"703","prestashop","111","5689","5688"
"704","odata","8","15591","15590"
"705","apache-shiro","1","5389","5388"
"707","materialize","144","11632","11631"
"708","wso2","7","",""
"709","kerberos","2","5909","5908"
"710","java-stream","14","26787","26786"
"711","magento-1.9","5","9811","9810"
"712","eficiencia","20","15075","15074"
"715","angularjs-injector","6","",""
"717","richfaces","10","17014","17013"
"718","unreal-engine","5","5907","5906"
"720","soundpool","4","9818","9817"
"721","slack-api","3","9821","9820"
"722","árboles","17","7121","7120"
"723","árboles-binarios","45","5901","5900"
"724","webpack","90","5692","5691"
"728","wireshark","8","5896","5895"
"729","twig","62","9871","9870"
"731","indices","24","31813","31812"
"733","autenticación","93","5794","5793"
"735","handlebars.js","18","5808","5807"
"737","plotly","8","5850","5849"
"738","reportviewer","93","5853","5852"
"739","lua","31","5861","5860"
"740","polymer","25","5880","5879"
"741","hashmap","45","5911","5910"
"742","map","88","5905","5904"
"743","bitmap","51","5899","5898"
"744","jquery-validate","72","6098","6097"
"745","mybatis","11","5987","5986"
"746","spritekit","9","17247","17246"
"747","rubygems","67","17152","17151"
"748","electron","56","5996","5995"
"749","google-plus","3","7127","7126"
"750","google+","6","7129","7128"
"752","grails","40","6300","6299"
"753","heroku","87","6624","6623"
"754","generator","5","",""
"757","paypal","49","7115","7114"
"758","matlab","83","6090","6089"
"759","modulación","3","15103","15102"
"760","frecuencia","5","",""
"761","local-storage","68","6109","6108"
"762","jenkins","35","16012","16011"
"763","react-native","240","6190","6189"
"764","angular2-template","21","7076","7075"
"766","trigger","209","9653","9652"
"767","intel-xdk","4","6238","6237"
"770","sobrecarga","12","31614","31613"
"771","mongoose","210","6373","6372"
"774","jasper-reports","128","15515","15514"
"775","diseño","83","9648","9647"
"776","windows-phone","13","9638","9637"
"777","typings","4","",""
"778","vscode","61","6416","6415"
"781","android-viewpager","38","26494","26493"
"782","herencia","95","9646","9645"
"783","reflection","21","27833","27832"
"784","cabeceras-http","20","10039","10038"
"786","devexpress","78","13886","13885"
"787","adword","4","23768","23767"
"788","setinterval","35","",""
"789","odbc","51","7111","7110"
"790","xampp","303","9249","9248"
"795","ejb","49","9786","9785"
"796","atom-editor","29","7081","7080"
"797","openlayers","38","7095","7094"
"798","openlayers-3","13","44960","44959"
"799","zend","27","9809","9808"
"804","websocket","62","9366","9365"
"805","progressbar","47","27885","27884"
"806","coffeescript","7","7394","7393"
"807","pdo","476","9350","9349"
"808","cms","23","9174","9173"
"809","visual-c++","31","9807","9806"
"810","dev-c++","112","9782","9781"
"813","svg","88","9720","9719"
"815","zoom","16","17122","17121"
"816","viewport","5","10046","10045"
"817","scale","5","",""
"819","sencha-touch","5","25380","25379"
"820","anaconda","42","27881","27880"
"822","bitbucket","28","14892","14891"
"823","material-design","80","10112","10111"
"824","phonegap","76","19594","19593"
"825","wildfly","35","8137","8136"
"826","jmc","1","8139","8138"
"827","cmd","230","16107","16106"
"828","visual-studio-ts","1","8169","8168"
"829","transacciones","52","10041","10040"
"830",".htpasswd","4","10048","10047"
"831","picturebox","25","",""
"832","webbrowser","35","31623","31622"
"833","quicksort","14","15080","15079"
"834","ordenación","10","31937","31936"
"836","prolog","60","8577","8576"
"839","unity2d","52","16247","16246"
"840","preprocesador","6","16737","16736"
"841","glassfish","80","9342","9341"
"843","opengraph","4","26810","26809"
"844","ng-cordova","22","8671","8670"
"845","recyclerview","205","24651","24650"
"848","xamarin.forms","184","25372","25371"
"850","kivy","44","8892","8891"
"851","socket.io","79","8929","8928"
"852","vue.js","768","9665","9664"
"854","jqgrid","27","9805","9804"
"859","firefox","86","9297","9296"
"860","jsonp","20","9363","9362"
"863","tomcat","196","9712","9711"
"865","cucumber","9","17245","17244"
"867","x86","12","14450","14449"
"870","autofac","2","9933","9932"
"871","csv","320","9945","9944"
"872","ldap","26","14899","14898"
"873","openldap","7","16110","16109"
"874","google-play","77","10205","10204"
"875","gps","58","11189","11188"
"876","cython","1","10015","10014"
"877","crontab","45","31216","31215"
"878","ant","8","10199","10198"
"881","winapi","21","16719","16718"
"883","netcdf4","3","31859","31858"
"884","lambda","56","20769","20768"
"885","inyección-sql","9","31230","31229"
"886","jersey2","3","31928","31927"
"888","pfsense","2","29503","29502"
"889","gpl","3","",""
"890","arcgis","5","11191","11190"
"891","julia","7","11080","11079"
"892","webservice","730","11098","11097"
"893","emmet","5","28266","28265"
"894","layout","88","15098","15097"
"895","profiler","1","15100","15099"
"896","foundation","8","11459","11458"
"897","ngroute","14","28244","28243"
"898","httpd","8","16606","16605"
"899","centos","90","15575","15574"
"900","wav","4","11605","11604"
"901","realm","23","11534","11533"
"903","android-widget","13","11689","11688"
"906","alertdialog","64","20577","20576"
"908","stylus","4","12962","12961"
"911","laravel-4","30","20467","20466"
"912","gridview","112","20465","20464"
"915","jooq","1","17343","17342"
"916","mariadb","225","13228","13227"
"917","virtualbox","50","13311","13310"
"918","multichoice","7","",""
"919","pyinstaller","26","13525","13524"
"920","twitter","37","13878","13877"
"921","facebook-api","67","16708","16707"
"922","adfs","6","294683","294682"
"923","searchview","23","27866","27865"
"924","arrayadapter","23","31236","31235"
"925","jboss-5.x","2","",""
"926","powerbuilder","11","31868","31867"
"929","push-notification","98","14063","14062"
"930","sharedpreferences","46","27852","27851"
"931","promesas","103","13943","13942"
"932","markdown","13","13970","13969"
"934","xlrd","3","17124","17123"
"936","listview","212","20668","20667"
"937","edittext","65","",""
"938","android-fragment","303","26487","26486"
"939","scroll","116","26812","26811"
"943","formas","2","32382","32381"
"946","canvas","189","15057","15056"
"947","apache-spark","26","108074","108073"
"948","combobox","120","15573","15572"
"949","grid","37","30761","30760"
"951","log4j","17","14778","14777"
"952","spring-boot","319","14876","14875"
"953","alamofireimage","2","",""
"954","uitableviewcontroller","7","",""
"956","asm-pic","1","15065","15064"
"957","required","12","28462","28461"
"959","rust","4","15278","15277"
"960","diagrama-de-flujo","13","31898","31897"
"961","uitableview","25","25366","25365"
"962","enum","31","15298","15297"
"963","template","85","15301","15300"
"965","gtk","27","16403","16402"
"968","mpdf","33","15410","15409"
"969","gif","14","15520","15519"
"970","app","146","22281","22280"
"971","docx","11","",""
"973","c++1z","6","15504","15503"
"974","c++-faq","1","15506","15505"
"975","estándares","7","15502","15501"
"976","google-places","9","28842","28841"
"977","sha512","2","16220","16219"
"978","div","119","15675","15674"
"979","accordion","12","17265","17264"
"980","iteraciones","11","31866","31865"
"981","login","309","24274","24273"
"982","android-jellybean","2","23157","23156"
"983","criptografía","21","31893","31892"
"984","firma-digital","36","31807","31806"
"986","menú","138","27813","27812"
"987","atmel","3","28796","28795"
"989","wikitude","1","17140","17139"
"990","smartgwt","5","15781","15780"
"991","whatsapp","41","17143","17142"
"992","c3.js","5","74947","74946"
"993","jupyter","73","32454","32453"
"994","ipython","20","",""
"995","uicollectionview","12","",""
"996","factorial","10","15829","15828"
"998","safari","31","17126","17125"
"1000","buscador","53","31804","31803"
"1002","mapsforge","3","16026","16025"
"1004","constraints","14","31891","31890"
"1005","snapkit","1","23318","23317"
"1007","delphi-2010","21","34927","34926"
"1009","webview","87","20460","20459"
"1010","scrapy","45","17161","17160"
"1011","adobe-muse","3","20489","20488"
"1013","regsvr32","2","",""
"1018","oracle-sqldeveloper","143","26518","26517"
"1020","css-transform","16","16668","16667"
"1021","volatile","3","17145","17144"
"1024","back-button","7","",""
"1028","parsear","43","31881","31880"
"1030","webview-android","53","19585","19584"
"1031","arquitectura","22","32393","32392"
"1034","cast","31","31796","31795"
"1036","wordpress-theme","101","17138","17137"
"1038","pic","9","28785","28784"
"1039","ccs","17","32287","32286"
"1041","querystring","7","28464","28463"
"1042","cocoapods","9","65263","65262"
"1043","jwt","75","26816","26815"
"1045","ksoap","11","28833","28832"
"1048","ssrs","24","25374","25373"
"1049","digitalocean","15","",""
"1050","pascal","55","17349","17348"
"1051","video-adaptativo","4","17394","17393"
"1052","hls","1","17396","17395"
"1053","symfony3","146","34059","34058"
"1056","webforms","195","20512","20511"
"1059","response","21","",""
"1060","callback","34","19673","19672"
"1061","agregación","6","",""
"1062","aws","103","25368","25367"
"1064","orm","75","25378","25377"
"1065","cil","2","18202","18201"
"1067","arm","11","21418","21417"
"1068","intel-atom","1","28849","28848"
"1069","mvc","748","19964","19963"
"1072","mootools","1","19591","19590"
"1075","namespace","17","31932","31931"
"1076","python-2.x","87","19587","19586"
"1080","management-studio","8","",""
"1081","websphere","11","20154","20153"
"1082","teoría","5","31788","31787"
"1085","windows-mobile","10","20163","20162"
"1086","flask","137","30793","30792"
"1087","almacenamiento","10","",""
"1088","url","208","19999","19998"
"1089","instagram-api","10","23984","23983"
"1093","cakephp","120","20499","20498"
"1094","blob","34","28794","28793"
"1095","descarga","43","21535","21534"
"1096","session","186","20949","20948"
"1098","ngresource","2","",""
"1099","restful","48","38209","38208"
"1100","google-play-games","7","21197","21196"
"1101","jxl","3","21249","21248"
"1102","nsdata","1","27184","27183"
"1104","qt-creator","29","21294","21293"
"1105","openerp","9","21306","21305"
"1106","pandas","405","72871","72870"
"1108","alamofire","14","22888","22887"
"1109","data-atributos","8","",""
"1110","impresión","48","21497","21496"
"1111","entrada","142","21511","21510"
"1112","azure-sql","10","26521","26520"
"1113","ui.router","6","22113","22112"
"1114","websphere-mq","7","21727","21726"
"1118","navegador-web","41","21854","21853"
"1119","vim","13","22276","22275"
"1120","programación-móvil","107","31939","31938"
"1121","gentoo","2","22267","22266"
"1123","woocommerce","147","21941","21940"
"1124","lenguaje-compilado","9","22264","22263"
"1125","gwt","3","22262","22261"
"1126","appcelerator","4","22230","22229"
"1127","cloud9","3","24277","24276"
"1128","appinventor","10","",""
"1130","framework7","23","31919","31918"
"1132","scanner","41","",""
"1134","ada","3","22567","22566"
"1135","gnat","2","22569","22568"
"1136","emacs","7","22571","22570"
"1138","love2d","2","22735","22734"
"1139","sap","37","22739","22738"
"1140","jco","1","22742","22741"
"1141","scipy","27","24522","24521"
"1142","screenshot","13","23653","23652"
"1143","blur","6","",""
"1144","popup","40","23639","23638"
"1147","oledb","27","31934","31933"
"1148","postgresql-9.3","66","23149","23148"
"1149","drupal","32","23593","23592"
"1150","ms-word","30","23244","23243"
"1151","router","56","23641","23640"
"1154","snap.svg","2","23326","23325"
"1155","datatables","638","26814","26813"
"1156","fax","1","23345","23344"
"1157","tensorflow","36","23699","23698"
"1158","google-play-services","22","24263","24262"
"1159","mac-os","94","24283","24282"
"1160","web","653","27825","27824"
"1161","android-permissions","24","23637","23636"
"1162","nhibernate","11","23875","23874"
"1163","d3-v4.js","9","",""
"1167","controller","145","28757","28756"
"1168","odac","6","25382","25381"
"1170","extensión-google-chrome","30","24015","24014"
"1171","firefox-webextensions","7","24208","24207"
"1172","cakephp-bake","8","24270","24269"
"1174","virtualización","24","24174","24173"
"1175","qml","6","31857","31856"
"1179","redes","71","31786","31785"
"1182","swift3","164","24776","24775"
"1183","puertos","44","24607","24606"
"1184","redes-neuronales","29","24733","24732"
"1185","inteligencia-artificial","27","31782","31781"
"1188","pretty-urls","21","28806","28805"
"1189","fgets","10","34171","34170"
"1190","sesiones","76","",""
"1191","tokens","45","25364","25363"
"1192","accesibilidad","6","",""
"1195","nasm","16","24861","24860"
"1197","grocery-crud","14","25202","25201"
"1198","stdin","9","31784","31783"
"1200","express-session","11","",""
"1201","sqlalchemy","38","25189","25188"
"1203","proxy","35","25136","25135"
"1204","nodemailer","13","",""
"1206","código-de-barras","10","32387","32386"
"1208","angularjs-scope","19","25515","25514"
"1210","drupal7","16","",""
"1211","google-calendar","17","26185","26184"
"1214","exe","27","28292","28291"
"1218","phalcon","31","52941","52940"
"1220","rgba","5","25688","25687"
"1221","xmpp","12","27870","27869"
"1223","qpython","3","29519","29518"
"1224","telnet","10","28828","28827"
"1225","flexbox","61","195460","195459"
"1226","google-developers-console","11","28847","28846"
"1227","google-cloud-platform","53","26482","26481"
"1231","android-volley","79","26515","26514"
"1233","sourcetree","10","",""
"1235","android-imageview","68","26512","26511"
"1245","laravel-excel","24","",""
"1248","unity","136","31621","31620"
"1249","material","15","",""
"1253","jquery-plugins","12","28831","28830"
"1254","codeblocks","46","31686","31685"
"1257","prototipos","14","",""
"1258","firewall","12","31774","31773"
"1260","ejabberd","6","",""
"1261","moodle-api","5","26825","26824"
"1262","collectionjs","7","",""
"1263","weblogic","47","26848","26847"
"1264","ecmascript","10","34333","34332"
"1265","unicode","38","31776","31775"
"1266","localtime","5","",""
"1269",".asmx","19","",""
"1270","backend","60","",""
"1271","redis","17","33885","33884"
"1275","localdate","5","",""
"1276","docker-compose","50","",""
"1278","itext","40","33874","33873"
"1281","dynamics-ax","4","37038","37037"
"1284","dreamweaver","7","31900","31899"
"1285","cli","21","",""
"1286","sax","7","",""
"1288","ingenieria-del-software","18","31926","31925"
"1292","variables-globales","54","31861","31860"
"1293","patrones-de-diseño","50","31792","31791"
"1294","modal","248","84489","84488"
"1297","freepascal","14","31794","31793"
"1298","bottombar","10","",""
"1299","skype","2","31768","31767"
"1303","itunes","5","31772","31771"
"1307","sql-server-2005","14","31790","31789"
"1308","vbscript","42","32282","32281"
"1309","tapestry","1","34077","34076"
"1313","retrofit","80","33822","33821"
"1316","navigation","18","",""
"1317","baseadapter","8","",""
"1320","openssl","28","33819","33818"
"1324","vr","5","30997","30996"
"1325","pcre","6","140831","140830"
"1326","sql-server-2008","119","77085","77084"
"1327","samba","9","31199","31198"
"1328","fedora","11","31201","31200"
"1329","microsoft-office","36","31203","31202"
"1335","sql-server-2008-r2","35","31885","31884"
"1336","aptana","1","31770","31769"
"1337","fxml","19","223533","223532"
"1338","interfaz-gráfica","149","31612","31611"
"1339","informix","23","34993","34992"
"1341","amazon-rds","6","32280","32279"
"1342","odp.net","2","",""
"1344","phpexcel","122","96638","96637"
"1345","itextsharp","81","32385","32384"
"1346","aplicación-escritorio","30","31949","31948"
"1347","telerik","15","32370","32369"
"1348","actionbar","14","",""
"1351","batch","177","35845","35844"
"1352","ado.net","41","32278","32277"
"1355","pseint","28","32301","32300"
"1356","toolbar","24","74106","74105"
"1357","ciclos","38","32389","32388"
"1361","ocr","18","91570","91569"
"1363","onbackpressed","6","",""
"1364","dependencias","21","",""
"1367","textview","60","",""
"1368","matrices","225","34682","34681"
"1369","scope","26","",""
"1370","model","60","",""
"1371","pgadmin","46","",""
"1372","sqldatatypes","6","32956","32955"
"1378","game","23","32952","32951"
"1386","outlook","36","33075","33074"
"1387","iteradores","17","33136","33135"
"1388","google-analytics","31","",""
"1389","stream","40","34163","34162"
"1391","parámetros","14","33680","33679"
"1392","sql-server-2000","4","",""
"1394","laravel-blade","233","118445","118444"
"1396","cámara","22","",""
"1405","sql-server-2012","108","",""
"1406","calendar","50","",""
"1407","google-fonts","8","34426","34425"
"1408","activity","131","85711","85710"
"1409","phpmailer","177","66356","66355"
"1412","ostream","1","34337","34336"
"1413","pods","4","",""
"1417","compilador","48","74101","74100"
"1419","cookies","79","74108","74107"
"1420","cursor","41","",""
"1423","adb","18","64963","64962"
"1424","appserv","4","",""
"1425","android-wear","6","",""
"1428","desofuscación","4","35036","35035"
"1430","ms-access","200","52557","52556"
"1432","ckeditor","36","35236","35235"
"1433","https","82","38378","38377"
"1435","spring-data","8","",""
"1437","blender","8","35590","35589"
"1438","jira","4","58497","58496"
"1442","yacc","1","35693","35692"
"1446","printf","15","35827","35826"
"1453","http-post","43","",""
"1454","http-get","30","",""
"1457","teclado","28","38372","38371"
"1458","dropzone","14","",""
"1459","contact-form-7","15","",""
"1460","sweetalert","53","36438","36437"
"1461","autoincremento","4","61772","61771"
"1462","offset","7","38375","38374"
"1465","nfc","11","",""
"1467","pyqt4","31","131887","131886"
"1468","uml","34","38370","38369"
"1470","font-awesome","44","93319","93318"
"1473","bootstrap-3","109","133718","133717"
"1474","pago-in-app","6","",""
"1475","struct","44","",""
"1476","slim","34","37482","37481"
"1478","android-context","9","",""
"1480","color","50","",""
"1483","clase-anidada","8","37795","37794"
"1486","web.config","21","",""
"1499","sftp","15","",""
"1500","ireport","59","",""
"1502","axis","11","",""
"1506","saml","3","39397","39396"
"1511","macros","101","52686","52685"
"1512","jackson","15","",""
"1514","stored-procedure","302","84356","84355"
"1518","broadcastreceiver","18","",""
"1521","captcha","26","101848","101847"
"1522","mechanize","5","",""
"1523","constexpr","4","40523","40522"
"1525","cpanel","54","",""
"1528","query","472","73221","73220"
"1529","babel","13","",""
"1530","grub2","4","61777","61776"
"1532","random","106","",""
"1535","insert","130","",""
"1540","checkbox","152","",""
"1543","fortran","13","48455","48454"
"1547","animated","9","",""
"1548","sintaxis","35","41629","41628"
"1550","redux","51","41651","41650"
"1551","flux","3","41653","41652"
"1554","sql-server-2014","87","",""
"1555","ddd","6","41893","41892"
"1560","c++.net","4","",""
"1561","atómico","1","55041","55040"
"1562","clips","1","88011","88010"
"1564","elasticsearch","27","",""
"1567","browserify","4","",""
"1575","timeout","22","",""
"1576","customadapter","12","",""
"1582","filezilla","17","",""
"1583","cron","47","80895","80894"
"1588","jframe","160","66703","66702"
"1590","instagram","7","91848","91847"
"1591","id3","3","",""
"1593","click","33","",""
"1594","jmenubar","7","",""
"1603","pivot","53","",""
"1604","django-urls","44","",""
"1607","schedule","11","",""
"1608","radiobutton","63","",""
"1609","radiogroup","8","",""
"1610","mercadopago","174","43569","43568"
"1613","opengl","37","153017","153016"
"1614","jtable","118","85703","85702"
"1615","slider","64","",""
"1616","intentservice","5","",""
"1617","c3p0","1","43903","43902"
"1619","cassandra","15","78261","78260"
"1620","mysql-workbench","230","84482","84481"
"1622","jtextfield","44","",""
"1625","google-documentos","8","",""
"1627","java-util-scanner","23","",""
"1629","teradata","7","",""
"1630","ng-repeat","19","",""
"1631","fetch","73","",""
"1632","picasso","12","",""
"1635","servidor","390","",""
"1640","hosting","116","75360","75359"
"1643","observable","24","",""
"1649","data","67","",""
"1653","mercadolibre","17","46397","46396"
"1654","arraylist","282","84476","84475"
"1655","function","118","",""
"1656","visual-studio-2008","8","",""
"1657","chart.js","126","93571","93570"
"1659","ionic2","116","77077","77076"
"1660","uitableviewcell","7","",""
"1667","jsoup","14","136607","136606"
"1668","wordpress-imagenes","10","",""
"1669","sobrecarga-de-operadores","18","45903","45902"
"1670","csh","2","46090","46089"
"1671","timer","45","",""
"1674","views","20","",""
"1675","graphql","30","46364","46363"
"1677","filesystem","32","164380","164379"
"1678","screen","13","61766","61765"
"1684","mac","47","",""
"1687","wamp","63","",""
"1688","video","92","",""
"1690","spinner","64","",""
"1691","pdfbox2.0","2","",""
"1692","compilar","49","",""
"1693","gcc","40","260196","260195"
"1694","iframe","71","93848","93847"
"1695","biometrico","5","174040","174039"
"1696","dominio","69","47614","47613"
"1697","jar","38","47342","47341"
"1698","google-sites","7","47394","47393"
"1699","fragment","98","",""
"1704","cluster","14","48448","48447"
"1707","android-listview","68","47715","47714"
"1710","postgis","10","101335","101334"
"1711","idioma","21","",""
"1712","asynctask","27","",""
"1713","google-search-console","12","",""
"1714","google-static-maps","1","48159","48158"
"1715","google-geocoding-api","5","48163","48162"
"1716","rxjava","6","",""
"1718","app.config","15","48236","48235"
"1719","prepared-statements","34","290211","290210"
"1720","formato","72","",""
"1725","animate.css","6","",""
"1728","objeto","103","50642","50641"
"1731","xubuntu","11","50640","50639"
"1732","hyperlink","6","",""
"1736","es6","36","53230","53229"
"1737","recursión","91","50644","50643"
"1738","letsencrypt","9","61759","61758"
"1741","números-enteros","17","61762","61761"
"1743","puntero-a-función","8","49595","49594"
"1745","refactoring","4","",""
"1746","upload","44","",""
"1748","autonumeric","3","49778","49777"
"1749","apk","50","50638","50637"
"1750","iptables","13","",""
"1751","touchid","2","61783","61782"
"1752","sqlplus","9","",""
"1753","videojs","10","",""
"1755","estructuras","36","",""
"1757","gimp","2","61774","61773"
"1758","neodatis","5","",""
"1759","gitlab","47","224396","224395"
"1761","modular","9","",""
"1763","angular-material","50","",""
"1765","apache2","110","142717","142716"
"1767","adapter","38","",""
"1769","mocha","10","",""
"1770","pruebas-unitarias","39","121765","121764"
"1771","concat","9","",""
"1772","función-personalizada","10","51459","51458"
"1773","pug","29","",""
"1777","endpoint","11","",""
"1781","rdp","2","51875","51874"
"1785","cifrado","11","",""
"1786","sha1","13","",""
"1789","ejs","15","93040","93039"
"1790","gnu","9","55034","55033"
"1791","aforge","7","52720","52719"
"1792","nullpointerexception","69","",""
"1793","slim3","7","",""
"1796","while","176","",""
"1798","if","122","196379","196378"
"1799","programación-bajo-nivel","35","57657","57656"
"1800","github-pages","9","52835","52834"
"1801","sql-server-2016","8","",""
"1803","ssl","92","90202","90201"
"1804","virtualhost","44","",""
"1807","blogger","18","",""
"1808","ssh","89","53097","53096"
"1809","jquery-3","3","53101","53100"
"1810","newlisp","2","53161","53160"
"1812","pyserial","15","",""
"1816","eloquent","376","206061","206060"
"1818","shiny","31","53853","53852"
"1821","numberpicker","4","",""
"1823","hive","7","54417","54416"
"1825","contenedores","18","54184","54183"
"1826","boolean","7","101846","101845"
"1832","geocodificación","4","",""
"1833","bucle-for","280","54990","54989"
"1836","touch","9","",""
"1837","tabla-dinámica","31","151680","151679"
"1838","ciencia-de-datos","11","",""
"1844","coda","1","55211","55210"
"1847","rutas","127","",""
"1852","firebug","1","61779","61778"
"1862","epub","1","91397","91396"
"1863","lumen","37","74778","74777"
"1865","mkdir","6","97892","97891"
"1866","group-by","48","249441","249440"
"1867","amazon-s3","21","",""
"1871","tipografía","35","",""
"1873","google-oauth","9","",""
"1877","composer","91","299289","299288"
"1879","struts2","22","",""
"1880","migration","46","",""
"1885","php5","225","",""
"1886","php7","416","225234","225233"
"1887","php-cli","2","57831","57830"
"1888","notepad++","14","184186","184185"
"1896","opencv","110","70695","70694"
"1897","javazoom","1","58089","58088"
"1901","vuex","72","58144","58143"
"1902","windows-server","40","",""
"1903","windows-server-2012","42","",""
"1908","pseudocódigo","16","",""
"1909","system.js","5","",""
"1913","make","7","",""
"1914","bootstrap-4","311","58674","58673"
"1915","plpgsql","12","",""
"1916","android-service","12","",""
"1918","g-suite","4","59154","59153"
"1920","sql-server-ce","4","",""
"1924","modernizr","2","",""
"1927","passport","34","",""
"1928","seeders","6","",""
"1930","rstudio","119","70833","70832"
"1934","fórmulas-de-matriz","9","",""
"1936","internet-explorer-8","3","",""
"1939","datos-abiertos","2","60864","60863"
"1940","projectserver","1","61081","61080"
"1944","visual-foxpro","16","",""
"1945","foxpro","11","",""
"1947","activerecord","18","",""
"1948","bing-search","2","61448","61447"
"1949","cmake","9","",""
"1951","jasper","22","",""
"1954","certificado-ssl","52","",""
"1955","línea-de-comandos","31","",""
"1958","angular-cli","45","",""
"1961","wordpress-plugin","116","138629","138628"
"1962","payload","2","",""
"1964","terminal","85","299300","299299"
"1967","datagrid","157","62762","62761"
"1968","chai","6","141369","141368"
"1971","dynamodb","11","117672","117671"
"1975","vb6","82","63130","63129"
"1979","python-requests","47","300757","300756"
"1980","clone","10","",""
"1981","sqldf","1","90160","90159"
"1982","keystore","8","",""
"1983","phpword","16","",""
"1984","tiff","2","70725","70724"
"1988","contraseña","26","",""
"1990","xsl","27","132184","132183"
"1993","font-faces","3","",""
"1994","sfml","11","64180","64179"
"1995","theme","6","",""
"1998","bison","2","193547","193546"
"1999","camtasia","1","97886","97885"
"2008","amp","13","65022","65021"
"2011","networking","24","",""
"2013","sprintf","3","",""
"2014","annotation","12","",""
"2015","enlazado","5","65577","65576"
"2017","actionscript","8","",""
"2019","discord.py","4","65844","65843"
"2025","imagen","466","84362","84361"
"2026","android-toast","10","",""
"2027","webix","5","66565","66564"
"2031","es2016","3","67183","67182"
"2033","c++17","7","67348","67347"
"2040","bootstrap-switch","2","",""
"2041","casio","1","80893","80892"
"2042","basic","8","",""
"2045","argparse","3","70736","70735"
"2046","imap","7","",""
"2048","pipe","20","73522","73521"
"2049","fcm","17","",""
"2050","push","28","",""
"2058","android-m","2","",""
"2061","greendao","3","",""
"2063","wsdl","52","80510","80509"
"2067","visual-studio-2017","306","71404","71403"
"2068","illustrator","2","",""
"2071","select","331","132346","132345"
"2083","audio-manager","7","",""
"2086","mensajes","16","",""
"2087","owl","7","",""
"2089","access-control","5","",""
"2094","pentaho","17","",""
"2097","ms-access-2013","15","",""
"2098","ms-access-2007","7","71841","71840"
"2099","mdb","6","71860","71859"
"2100","kitkat","4","73520","73519"
"2101","design","15","",""
"2102","raspberry-pi","91","72174","72173"
"2107","google-play-console","20","",""
"2108","easeljs","1","90374","90373"
"2109","createjs","1","90234","90233"
"2110","box-shadow","2","79270","79269"
"2112","validaciones","7","",""
"2113","inspinia","3","72677","72676"
"2114","android-notifications","31","106635","106634"
"2116","type","10","",""
"2117","text","42","",""
"2118","vi","4","74903","74902"
"2120","kotlin","217","73258","73257"
"2122","mapbox","18","",""
"2125","tcl","1","74906","74905"
"2126","ksh","3","76329","76328"
"2129","devise","20","74082","74081"
"2140","aeat-sii","36","74426","74425"
"2142","crud","87","74901","74900"
"2145","onclick","47","",""
"2146","sonido","14","",""
"2147","play","4","",""
"2148","android-settings","3","142762","142761"
"2149","silverlight","10","78658","78657"
"2150","telegram","28","79268","79267"
"2153","atributos","21","79369","79368"
"2160","pilas","57","79361","79360"
"2162","d","1","78080","78079"
"2168","particles","4","",""
"2170","rpm","2","77123","77122"
"2172","smarty","10","91958","91957"
"2174","chrome","54","79239","79238"
"2176","ramas-git","7","",""
"2177","diccionarios","107","",""
"2178","ogre","11","",""
"2179","bluej","10","77725","77724"
"2181","sitemap","8","78660","78659"
"2182","fos-user-bundle","5","",""
"2183","google-signin","6","",""
"2184","kibana","5","79265","79264"
"2190","fuentes","7","128211","128210"
"2192","angular-datatables","20","",""
"2193","semantic-ui","21","",""
"2197","qrcode","27","79082","79081"
"2198","datatable","138","162894","162893"
"2201","mime","12","81426","81425"
"2202","google-maps-v3","31","",""
"2203","tooltip","15","90162","90161"
"2204","robots.txt","9","79619","79618"
"2208","ionic-framework","114","158781","158780"
"2209","onesignal","9","",""
"2212","cardview","24","",""
"2213","build.gradle","36","",""
"2214","iphone","58","84368","84367"
"2215","richtextbox","3","97897","97896"
"2217","filewriter","17","",""
"2219","universal-image-loader","2","80963","80962"
"2220","out-of-memory-error","23","",""
"2222","beautifulsoup","39","81407","81406"
"2223","sylius","3","",""
"2224","formdata","10","",""
"2227","db2","18","82087","82086"
"2229","pyside","6","82628","82627"
"2230","asp.net-mvc-4","24","",""
"2231","cv2","14","",""
"2233","responsive","114","86354","86353"
"2234","rvest","4","82635","82634"
"2235","vistas-materializadas","2","82572","82571"
"2239","google-chrome-app","4","",""
"2241","fragmentpageradapter","3","",""
"2242","scanf","16","",""
"2244","undefined","34","86051","86050"
"2245","sfinae","3","83322","83321"
"2246","evaluación","3","",""
"2247","float","43","84220","84219"
"2250","git-merge","10","83632","83631"
"2253","sms","29","85837","85836"
"2259","redes-sociales","10","",""
"2260","tinyurl","1","85831","85830"
"2261","excel-2010","10","",""
"2262","mediaqueries","30","",""
"2263","netlogo","1","86352","86351"
"2266","autohotkey","2","85840","85839"
"2267","excel-2013","18","",""
"2268","entity-framework-core","45","",""
"2269","gitignore","7","87899","87898"
"2270","bufferedimage","8","",""
"2271","innosetup","3","",""
"2275","wxwidgets","10","86630","86629"
"2276","flashback","1","87757","87756"
"2277","ibm-bluemix","6","86814","86813"
"2278","youtube-api","22","",""
"2279","subconsultas","50","",""
"2282","búfer","2","",""
"2283","stdout","2","100499","100498"
"2285","operador-de-conversión","4","87690","87689"
"2286","mp3","7","88131","88130"
"2287","operador-incremento","3","",""
"2288","operador-ternario","5","87901","87900"
"2292","computación-cuántica","2","",""
"2294","mouse","11","",""
"2295","ip","42","89755","89754"
"2297","inno-setup","10","88606","88605"
"2298","pascalscript","5","",""
"2299","carbon","31","",""
"2300","link","27","",""
"2301","script","275","127170","127169"
"2302","href","29","97925","97924"
"2303","src","9","",""
"2304","pixijs","4","",""
"2305","neo4j","11","",""
"2306","junit","52","242751","242750"
"2307","sizeof","5","90955","90954"
"2308","padding","3","90961","90960"
"2309","brackets","9","250931","250930"
"2310","pls","2","",""
"2311","tumblr","1","91120","91119"
"2314","urlencoding","5","",""
"2317","angularjs-4.0","3","",""
"2319","nmap","2","",""
"2321","ld","2","98302","98301"
"2322","parser","8","136604","136603"
"2323","leaflet","38","101171","101170"
"2324","time","53","176494","176493"
"2327","disqus","1","101173","101172"
"2329","packages","25","92019","92018"
"2330","symfony","156","93187","93186"
"2331","dql","10","",""
"2332","cors","66","132285","132284"
"2334","angulajs","5","",""
"2338","vsts","4","",""
"2339","visual-studio-code","59","238090","238089"
"2340","get","81","",""
"2341","xamarin.android","88","108891","108890"
"2342","java-money","1","93061","93060"
"2343","hack","3","93092","93091"
"2344","procesos-en-segundo-plano","15","",""
"2346","arquitectura-de-software","14","",""
"2348","glide","11","",""
"2349","couchbase","4","",""
"2351","vuforia","9","97890","97889"
"2352","fibonacci","18","",""
"2354","mediaplayer","22","",""
"2355","countdowntimer","5","",""
"2358","google-search","6","",""
"2359","google-adsense","6","",""
"2363","administración-de-software","8","",""
"2369","vichuploaderbundle","2","",""
"2370","fileupload","76","",""
"2372","contador","30","",""
"2373",".net-core","58","",""
"2376","fpdf","93","96497","96496"
"2377","wizard","5","",""
"2378","component","40","",""
"2379","cobol","6","97294","97293"
"2380","clob","4","97292","97291"
"2382","windows7","10","98202","98201"
"2383","splash","3","",""
"2385","adminer","2","",""
"2389","file","31","",""
"2390","zkemkeeper","4","146474","146473"
"2391","polimorfismo","19","",""
"2392","complejidad","12","99220","99219"
"2393","operadores","6","",""
"2395","ionic3","166","",""
"2396","botón","204","120291","120290"
"2397","sonar","13","223895","223894"
"2399","atajo","6","100397","100396"
"2401","grunt","7","",""
"2402","task-runner","4","",""
"2405","notificaciones","30","",""
"2407","pkg","2","",""
"2411","behat","2","",""
"2412","tdd","4","145028","145027"
"2413","delphi-berlin","9","",""
"2415","restsharp","12","102575","102574"
"2416","wordpress-widget","7","",""
"2418","webtoken","4","",""
"2419","pwa","12","128685","128684"
"2421","bonita","9","",""
"2422","report","30","",""
"2423","dynamics-crm","3","103562","103561"
"2425","reporting","9","",""
"2426","crm","5","",""
"2427","certificado-apple","6","",""
"2428","rdlc","14","",""
"2429","puntero-a-miembro","2","103902","103901"
"2431","hash","39","109516","109515"
"2432","sha256","7","109512","109511"
"2440","itunes-connect","3","125650","125649"
"2443","war","12","",""
"2444","diseño-de-clases","38","",""
"2445","shell-script","78","",""
"2449","plesk","14","",""
"2450","vps","28","216990","216989"
"2459","mongod","9","",""
"2460","debian-9","17","",""
"2461","webapi","31","117267","117266"
"2462","tibble","2","109503","109502"
"2464","hover","29","",""
"2465","jstree","5","",""
"2466","sweetalert2","26","279187","279186"
"2468","pyspark","19","108071","108070"
"2469","smtp","49","108964","108963"
"2470","buenas-prácticas","41","152644","152643"
"2473","progressdialog","7","161336","161335"
"2475","dropzone.js","10","",""
"2476","qr","14","110847","110846"
"2479","onclicklistener","15","",""
"2480","tar","8","",""
"2482","raspbian","27","113840","113839"
"2484","vb","87","299287","299286"
"2486","angular4","95","129455","129454"
"2489","google-spreadsheets","4","",""
"2491","crahslytics","3","110401","110400"
"2492","google-fabric","1","110404","110403"
"2493","form-submit","10","",""
"2494","rjava","3","113834","113833"
"2497","erlang","2","110842","110841"
"2499","three.js","7","",""
"2502","pst","1","113656","113655"
"2503","hardware","13","114462","114461"
"2506","nextcloud","3","",""
"2507","android-gridview","3","",""
"2508","config","8","",""
"2510","percentil","3","117264","117263"
"2511","filtro","44","",""
"2512","build","18","",""
"2513","derby","8","",""
"2515","datarow","6","",""
"2516","dataset","31","",""
"2519","sqllite","6","123486","123485"
"2525","selenium-webdriver","77","114573","114572"
"2527","github-desktop","4","",""
"2537","hadoop","12","115735","115734"
"2541","push.js","3","124460","124459"
"2542","class","77","",""
"2543","icons","22","",""
"2547","ram","6","",""
"2548","geojson","22","262445","262444"
"2549","ftpclient","5","",""
"2554","lighttpd","3","123482","123481"
"2561","sybase","13","",""
"2565","submit","15","",""
"2566","print","46","",""
"2567","jobs","26","",""
"2568","openxml","4","",""
"2574","godaddy","21","",""
"2575","reactstrap","5","",""
"2576","linearlayout","6","",""
"2578","jmeter","16","",""
"2579","test","57","124704","124703"
"2580","xamarin-studio","3","",""
"2582","capybara","4","",""
"2584","constraint-layout","5","",""
"2587","conjuntos","5","",""
"2588","else","28","",""
"2589","audio","53","",""
"2590","bootstrap-table","8","120952","120951"
"2591","qlineedit","3","",""
"2594","multipart","6","",""
"2595","hbase","2","",""
"2608","zookeeper","1","122361","122360"
"2610","foreach","105","",""
"2611","mvp","3","",""
"2613","gd","7","",""
"2618","mpi","7","",""
"2620","google-chart-api","30","124192","124191"
"2621","android-recyclerview","23","",""
"2622","substr","5","",""
"2623","activemq","5","124596","124595"
"2626","vala","8","124684","124683"
"2628","selectores","20","",""
"2629","in-array","4","",""
"2630","adobe-flash","3","",""
"2631","enlaces-ancla","7","126018","126017"
"2632","sql-server-express","9","126338","126337"
"2634","usercontrol","19","",""
"2639","volley","34","254425","254424"
"2643","ventana","26","",""
"2649","jquery-mask-plugin","3","126333","126332"
"2650","osb","3","128792","128791"
"2652","nav","19","",""
"2654","git-add","2","",""
"2655","xdebug","16","126575","126574"
"2656","rectangle","3","",""
"2658","vhdl","1","140092","140091"
"2661","phpunit","14","127027","127026"
"2664","symfony4","53","136212","136211"
"2665","netbeans-8.2","155","127015","127014"
"2666","net","25","",""
"2669","blockchain","7","228837","228836"
"2670","onkeypress","5","128568","128567"
"2671","onkeyup","6","",""
"2672","mysqlconnector","28","",""
"2673","mysqlconnector.jar","7","216994","216993"
"2675","radio","12","",""
"2680","dropdownlist","51","",""
"2681","onkey","2","128257","128256"
"2682","uri","12","",""
"2683","diff","6","",""
"2686","updatepanel","7","",""
"2687","stripe","3","128457","128456"
"2688","active","3","",""
"2691","margin","4","",""
"2692","phpspreadsheet","26","128676","128675"
"2694","textarea","13","128794","128793"
"2696","li","5","",""
"2705","show","9","",""
"2706","hide","5","",""
"2707","gunicorn","5","",""
"2708","virtualenv","9","",""
"2709","centos7","41","",""
"2711","imprimir","27","",""
"2712","impresora","12","",""
"2713","jython","2","136454","136453"
"2714","tpv","4","",""
"2718","error404","32","147022","147021"
"2719","certificado","22","",""
"2725","nativescript","25","130521","130520"
"2726","keypressevent","8","",""
"2729","gdb","4","",""
"2731","reportviewerreporte","3","",""
"2732","fstream","10","",""
"2734","innodb","14","131935","131934"
"2735","myisam","4","132011","132010"
"2738","búsqueda-monte-carlo","2","131991","131990"
"2739","font-size","5","",""
"2740","identity","24","",""
"2744","django-templates","22","",""
"2747","listbox","17","",""
"2748","stack","13","",""
"2749","heap","3","",""
"2750","interface","26","",""
"2754","cloud","24","",""
"2756","apigoogle","10","",""
"2760","primeng","16","202948","202947"
"2761","exchangewebservices","4","",""
"2762","spool","3","",""
"2765","google-distancematrix-api","1","134161","134160"
"2766","google-api","134","158710","158709"
"2768","chromedriver","14","",""
"2770","titanium","1","134475","134474"
"2771","rtf","5","141594","141593"
"2774","powerquery","4","",""
"2775","powerbi","35","",""
"2776","logger","9","",""
"2777","powerpivot","4","135287","135286"
"2779","orgchart","2","",""
"2780","genericos","19","",""
"2781","propel","2","136027","136026"
"2784","html-tabla","87","151682","151681"
"2785","slf4j","3","",""
"2786","angular5","202","138382","138381"
"2789","html-select","48","287295","287294"
"2790","html-correo","4","",""
"2794","keras","24","141590","141589"
"2797","xslt","23","149571","149570"
"2801","xsd","18","138589","138588"
"2802","xml-schema","9","",""
"2803","translate","5","",""
"2804","css-grid-layout","25","195462","195461"
"2805","zxing","10","",""
"2807","game-maker","2","",""
"2809","git-bash","9","",""
"2811","sympy","12","140002","140001"
"2812","zeep","8","",""
"2813","imacros","2","",""
"2815","git-flow","7","",""
"2816","swift4","80","141945","141944"
"2818","toad","8","",""
"2819","django-views","28","",""
"2821","gorm","3","",""
"2822","travis-ci","3","141365","141364"
"2823","nyc","1","141362","141361"
"2824","mochajs","2","",""
"2827","code-first","17","",""
"2831","sensor","5","",""
"2833","referer","3","",""
"2839","google-apps-script-html-service","8","",""
"2841","phaser.io","2","",""
"2843","cshtml","16","",""
"2844","lampp","6","",""
"2845","android-spinner","14","",""
"2846","maxima","7","143815","143814"
"2847","jodatime","3","",""
"2849","simple-html-dom","10","300008","300007"
"2851","fputcsv","8","",""
"2854","bazel","3","",""
"2855","google-sheets","2","",""
"2859","mysqldb","18","",""
"2860","git-clone","3","",""
"2861","yml","3","152904","152903"
"2865","mips32","6","",""
"2866","angular","1521","146517","146516"
"2869","formato-condicional","7","146273","146272"
"2872","fopen","12","",""
"2877","uikit-3","3","",""
"2878","jstl","14","291456","291455"
"2890","spire","2","149799","149798"
"2891","taglib","2","",""
"2893","eclipse-oxygen","17","",""
"2894","django-class-based-views","5","150483","150482"
"2896","bootstrap-vue","10","150818","150817"
"2897","ecmascript-6","78","150855","150854"
"2898","ecmascript-7","6","150864","150863"
"2902","bootstrap-timepicker","2","",""
"2904","hoja-de-cálculo-tabla-dinámica","11","151669","151668"
"2906","dompdf","50","",""
"2910","postman","45","255815","255814"
"2911","posix","2","",""
"2914","libreoffice-calc","5","",""
"2916","google-cloud-firestore","67","",""
"2917","tfs","5","",""
"2919","android-bottom-nav-view","5","",""
"2921","r-dplyr","16","152900","152899"
"2923","oracleforms","4","152706","152705"
"2924","laravel-mix","9","",""
"2927","datetimepicker","28","",""
"2930","trello","5","",""
"2932","genexus15","23","153618","153617"
"2934","usb","18","",""
"2935","sugarcrm","3","",""
"2939","phpstorm","8","",""
"2940","update","100","216992","216991"
"2942","crystal-lang","3","154650","154649"
"2947","guzzle","10","",""
"2953","viewchild","3","",""
"2954","elementref","2","",""
"2955","bucles","193","155829","155828"
"2956","veevalidate","4","",""
"2957","machine-learning","42","301052","301051"
"2958","emulación","9","156026","156025"
"2959","import","25","",""
"2960","boostraptable","20","",""
"2961","búsquedas","33","",""
"2966","haml","2","198820","198819"
"2967","gráficas","30","254427","254426"
"2971","porcentaje","10","161345","161344"
"2972","consulta","106","",""
"2973","text-mining","3","",""
"2976","supportmapfragment","3","",""
"2983","tomee","2","158737","158736"
"2984","intellij-idea","25","161077","161076"
"2986","distinct","9","161063","161062"
"2988","imagemagick","5","160881","160880"
"2989","drupal8","9","",""
"2990","pentaho-spoon","6","",""
"2998","sheetjs","4","",""
"3004","android-manifest","9","",""
"3005","react-navigation","23","",""
"3009","f#","2","",""
"3014","aspx","31","",""
"3017","android-navigationview","5","",""
"3018","axml","2","",""
"3019","rasa-nlu","8","163451","163450"
"3020","wget","9","164385","164384"
"3023","ejecutar","11","",""
"3026","rasa-core","7","",""
"3030","sql-server-2017","19","",""
"3031","singleton","8","",""
"3032","relaciones","53","",""
"3033","logica","23","",""
"3034","modelorelacional","32","",""
"3035","tablas","74","",""
"3036","serialport","32","",""
"3038","solidity","5","",""
"3039","caracteres","37","",""
"3040","mailer","4","",""
"3045","regresión-lineal","10","",""
"3048","localhost","51","174149","174148"
"3049","paginación","50","",""
"3053","xdocument","6","",""
"3056","salsa","1","170114","170113"
"3057","consulta-sql","120","207833","207832"
"3058","decoradores","9","",""
"3059","tesseract","3","",""
"3062","tcpdf","17","",""
"3066","openshift-origin","1","171877","171876"
"3068","html2pdf","10","",""
"3071","integer","11","",""
"3072","spa","4","244433","244432"
"3075","artisan","17","",""
"3076","delphi-tokyo","9","",""
"3077","librería","40","174136","174135"
"3086","maatwebsite","7","",""
"3088","genexusxev3","3","",""
"3091","null","37","",""
"3093","axios","100","176849","176848"
"3100","latino","1","178137","178136"
"3101","docker-machine","4","",""
"3102","backgroundworker","12","",""
"3107","qt-designer","5","",""
"3108","carousel","19","",""
"3109","as3","1","180034","180033"
"3110","flex","9","",""
"3113","react-redux","18","",""
"3114","qtablewidget","6","",""
"3118","bokeh","3","",""
"3119","simplexlsx","3","",""
"3120","floating-action-button","3","",""
"3122","nltk","7","183261","183260"
"3124","math","17","",""
"3132","qmainwindow","2","",""
"3134","opensuse","4","",""
"3135","querybuilder","8","",""
"3136","mysql-sever","2","",""
"3138","fabric","2","",""
"3140","msdos","13","",""
"3142","content-provider","4","",""
"3143","indy","3","185530","185529"
"3144","instalacion","23","",""
"3146","prestashop1.7","25","",""
"3148","scikit-learn","7","186463","186462"
"3149","each","4","",""
"3153","epplus","17","",""
"3160","parallax","3","196571","196570"
"3163","procesamiento-de-texto","9","",""
"3164","notification","6","",""
"3165","blade","28","",""
"3167","flutter","160","198619","198618"
"3168","jbutton","9","",""
"3169","jdatechooser","6","",""
"3171","qgridlayout","3","",""
"3172","plantillas-de-texto","2","",""
"3173","cx-freeze","6","",""
"3174","filter","32","",""
"3176","word-embedding","1","188581","188580"
"3177","google-app-maker","3","",""
"3183","solaris","2","",""
"3184","img","23","243534","243533"
"3186","wireframe","1","198816","198815"
"3187","expo","16","",""
"3188","plantuml","2","",""
"3189","linux-mint","16","",""
"3190","linuxmint","5","",""
"3196","abogado-del-lenguaje","6","190095","190094"
"3197","daterangepicker","2","",""
"3200","substring","20","",""
"3201","teoría-de-grafos","10","191222","191221"
"3202","spacy","5","191226","191225"
"3204","dart","73","",""
"3205","amazon","18","",""
"3207","números-primos","9","",""
"3208","numberformat","7","192154","192153"
"3210","store","10","",""
"3213","angular6","128","",""
"3218","winrar","3","",""
"3219","jsonobject","49","",""
"3220","jsonarray","35","",""
"3222","ia","6","",""
"3223","gpu","2","",""
"3225","setcookie","5","",""
"3229","firebase-messaging","22","",""
"3230","pygal","3","",""
"3236","textbox","24","",""
"3237","apex","10","",""
"3243","rxjs","24","200096","200095"
"3254","validation","12","",""
"3256","preg-match","10","",""
"3258","cadenas","26","",""
"3260","cakephp-3.x","12","",""
"3261","jax-rs","7","223903","223902"
"3263","vmwclarity","2","",""
"3264","chocolatey","2","",""
"3267","activex","5","",""
"3268","android-pie","4","",""
"3269","timepicker","2","",""
"3270","jhipster","14","286870","286869"
"3271","kubernetes","12","",""
"3273","jsdoc","1","204363","204362"
"3274","task","11","",""
"3276","phaser","4","",""
"3278","amazon-web-services","6","215989","215988"
"3279","oracle-12c","23","",""
"3280","async","25","",""
"3282","navbar","25","",""
"3283","selectores-css","13","207965","207964"
"3285","reactive-programing","6","",""
"3286","remote-view","2","",""
"3287","mqtt","6","",""
"3292","sqltabledependency","2","",""
"3295","division","3","",""
"3298","pair","2","",""
"3299","android-adapter","7","",""
"3300","lenguaje-marcado","2","",""
"3301","set","7","",""
"3306","google-photos","2","",""
"3308","cronjobs","8","",""
"3310","tiddlywiki","1","216569","216568"
"3313","python-3.7","99","",""
"3322","gulp-4","6","",""
"3323","netbeans-9","2","",""
"3325","ngfor","9","",""
"3326","java-7","4","",""
"3328","angular7","152","",""
"3329","diagrama-er","5","",""
"3330","html5-datalist","2","",""
"3332","yum","2","",""
"3334","swift-mailer","2","220117","220116"
"3335","logcat","3","220138","220137"
"3338","innerhtml","7","",""
"3341","internal","2","",""
"3344","netbeans-plugins","1","227969","227968"
"3345","netbeans-8.1","6","",""
"3347","netbeans-8.0","4","",""
"3348","scenebuilder","19","",""
"3349","controlsfx","1","224233","224232"
"3350","javafx-css","4","223503","223502"
"3351","vue2-google-map","4","",""
"3353","gmap-autocomplete","2","",""
"3354","jaxb","12","223900","223899"
"3355","jdom","2","224011","224010"
"3356","fasterxml","1","224013","224012"
"3359","octave","7","224207","224206"
"3360","gnuplot","2","224223","224222"
"3363","gitlab-ci","5","224394","224393"
"3365","recaptcha","13","",""
"3366","google-query-language","2","224831","224830"
"3368","asyncio","5","",""
"3369","samsung","3","",""
"3371","bootstrap-tags-input","6","",""
"3372","appveyor","2","225470","225469"
"3375","xhtml2pdf","2","",""
"3377","angular-router","12","309359","309358"
"3381","alexa","3","227277","227276"
"3382","ask-sdk","3","",""
"3386","dapper","3","",""
"3390","pyomo","2","",""
"3391","tarea","8","",""
"3392","sas","2","228121","228120"
"3396","yarn","5","",""
"3397","uipath","2","228938","228937"
"3399","sh","3","",""
"3402","multer","12","254071","254070"
"3403","msg","1","230260","230259"
"3404","graphviz","1","230607","230606"
"3406","alertify","5","230636","230635"
"3407","doctest","3","",""
"3410","windowsce","3","",""
"3413","red-hat","8","",""
"3420","jdeveloper","4","",""
"3424","flask-wtf","2","",""
"3426","sharpdevelop","3","",""
"3432","android-viewmodel","4","",""
"3433","android-room","2","",""
"3434","xamarin.ios","8","",""
"3436","rhel","2","236480","236479"
"3437","vmware","10","236484","236483"
"3439","clausuras","8","237466","237465"
"3440","concatenación","16","",""
"3442","cálculo-relacional","2","",""
"3443","metodología","3","",""
"3446","compilación-cruzada","2","",""
"3447","ofuscación","6","",""
"3448","vuetify","22","",""
"3449","predicción","3","",""
"3450","agrupación","6","",""
"3451","scrollbar","8","",""
"3453","messagebox","4","",""
"3455","laravelcollective","8","",""
"3457","androidx","8","",""
"3458","apdu","2","",""
"3459","punteros-inteligentes","1","239713","239712"
"3464","knex","8","",""
"3465","bitconverter","2","",""
"3467","gcloud","5","",""
"3469","exists","2","",""
"3471","allegro","4","243291","243290"
"3473","tracking","2","243532","243531"
"3475","handlebars","11","",""
"3477","lindenscriptinglanguage","1","244503","244502"
"3480","bcryptjs","2","",""
"3484","cut","4","",""
"3486","puppeteer","8","256697","256696"
"3487","service-workers","6","",""
"3489","options","6","",""
"3491","api-fluent","1","248469","248468"
"3492","pydub","1","256695","256694"
"3494","squirrel","1","256693","256692"
"3495","guardar","6","",""
"3498","charts","11","",""
"3500","dojo2","2","",""
"3501","fs","3","",""
"3504","rsa","5","256691","256690"
"3507","simplexml","2","259380","259379"
"3508","nodos","14","",""
"3509","pagination","5","",""
"3511","ionic4","89","",""
"3512","payu","7","253399","253398"
"3513","qt5","4","",""
"3514","bouncycastle","2","256602","256601"
"3516","smime","1","256604","256603"
"3517","espacio-de-nombres","1","253951","253950"
"3518","javasound","2","256600","256599"
"3519","qmake","3","256598","256597"
"3522","polyfill","2","255357","255356"
"3523","serializacion","2","",""
"3527","silex","2","256687","256686"
"3528","optional","2","256826","256825"
"3531","fastreport","2","",""
"3532","openpyxl","8","",""
"3534","prism","2","258676","258675"
"3535","ngx-admin","4","",""
"3536","delegados","3","",""
"3539","netbeans-11","12","",""
"3540","javac","2","259838","259837"
"3544","nvm","3","264154","264153"
"3545","jni","6","260004","260003"
"3547","jcreator","2","290630","290629"
"3549","applet","5","260228","260227"
"3551","git-tag","4","",""
"3552","java-11","5","",""
"3557","mpi4py","2","",""
"3558","xquery","2","",""
"3559","protractor","1","261856","261855"
"3560","host","7","",""
"3562","wxpython","3","262154","262153"
"3563","dialog-fragment","4","",""
"3565","theano","1","262940","262939"
"3566","java-2d","1","263168","263167"
"3568","ciclo-de-vida","3","263734","263733"
"3569","comportamiento-indefinido","1","263740","263739"
"3571","openpay","5","",""
"3573","ebay-api","1","264433","264432"
"3574","datalist","3","265051","265050"
"3575","c++builder","5","264526","264525"
"3579","dagger2","2","",""
"3581","jax-ws","2","",""
"3582","busqueda","9","",""
"3589","exec","4","",""
"3595","bem","1","268160","268159"
"3596","autocomplete","10","",""
"3600","fastmm","1","268409","268408"
"3601","requests","13","",""
"3602","ph","1","",""
"3603","table","22","",""
"3609","informatica-power-center","2","299555","299554"
"3610","ipc","1","",""
"3611","faker","1","",""
"3613","avro","1","",""
"3614","dataframe","55","",""
"3615","apache-nifi","5","270870","270869"
"3616","visual-studio-2019","21","",""
"3617","pytesseract","4","280565","280564"
"3618","ansible","4","",""
"3621","p5js","1","272076","272075"
"3622","mail","15","",""
"3624","pysimplegui","1","",""
"3625","java-awt","5","",""
"3626","phantomjs","4","273441","273440"
"3627","httacces","1","",""
"3629","reactphp","1","",""
"3630","signature","3","",""
"3631","nonce","1","",""
"3632","colecciones","4","",""
"3633","collect","1","",""
"3634","scriptmanager","1","",""
"3635","telegram-bot","3","274093","274092"
"3636","jepp","1","274097","274096"
"3637","sikuli","1","",""
"3638","laravel-5.7","10","",""
"3640","jnlp","2","",""
"3642","xamarinforms","2","",""
"3643","android-espresso","1","274630","274629"
"3645","lit-element","1","",""
"3646","lit-html","1","",""
"3647","web-components","2","",""
"3648","apache-ofbiz","1","275420","275419"
"3649","cisco","1","",""
"3651","generador","1","",""
"3652","headers","8","",""
"3653","sonarqube","2","",""
"3654","tls","3","278869","278868"
"3655","playframework","3","277802","277801"
"3657","vlcj","4","277810","277809"
"3658","android-security","1","",""
"3659","mybb","1","",""
"3661","defontana","1","",""
"3662","stacktable","1","279031","279030"
"3663","javascript-objeto","15","278933","278932"
"3664","regedit","1","",""
"3665","apache-cordova","4","279191","279190"
"3666","alert","7","",""
"3667","magento","1","",""
"3668","liquid","3","",""
"3669","android-button","3","",""
"3670","swagger-ui","3","",""
"3671","oracle-8i","1","",""
"3672","socketcluster","1","",""
"3674","facebook-graph-api","6","",""
"3675","actualizacion","3","",""
"3677","rxdart","1","",""
"3678","modalform","2","",""
"3679","slide","3","",""
"3680","debug","11","",""
"3681","relative","1","",""
"3682","transact-sql","7","280900","280899"
"3683","enzyme","1","281039","281038"
"3684","jestjs","3","281041","281040"
"3687","animacion","2","",""
"3688","transicion","3","",""
"3689","processing","3","297568","297567"
"3692","validators.required","1","",""
"3693","async-await","13","281641","281640"
"3694","incubator","1","",""
"3695","microsoft","14","",""
"3696","graph","3","",""
"3697","visual-basic-for-applications","7","",""
"3699","appybuilder","1","282200","282199"
"3700","ext.net","1","282307","282306"
"3701","fondo","3","",""
"3702","vsftp","3","",""
"3703","quagga.js","1","",""
"3704","dfa","1","",""
"3705","nfa","1","",""
"3706","automatas","1","",""
"3707","java-12","1","284513","284512"
"3708","traduccion","1","",""
"3710","mockito","8","287515","287514"
"3711","junit-5","2","284418","284417"
"3713","jamon","1","",""
"3714","log4j2","2","284180","284179"
"3715","jemmy","1","",""
"3716","express-validator","1","",""
"3719","pymongo","3","",""
"3720","cleardb","1","",""
"3722","criteria","1","",""
"3723","animation","6","",""
"3724","transition","1","",""
"3725","electron-build","2","",""
"3726","firebase-auth","5","",""
"3728","firebaseui","1","",""
"3729","blazor","4","",""
"3730","pop","2","",""
"3731","idle","2","",""
"3732","refrescar","2","",""
"3733","parametros","9","",""
"3734","vuejs","33","",""
"3735","pyshark","1","",""
"3736","uinity","1","",""
"3737","read","2","",""
"3738","system","2","",""
"3739","epson","2","",""
"3740","aspnet","5","",""
"3744","h2","4","286569","286568"
"3745","impala","5","",""
"3746","resttemplate","2","",""
"3747","jpql","10","",""
"3748","criteria-api","4","",""
"3749","eclipselink","3","",""
"3751","jflex","4","287192","287191"
"3752","cup","1","",""
"3753","dropwizard","3","286868","286867"
"3754","jacoco-maven-plugin","1","",""
"3755","single-sign-on","3","",""
"3756","openjpa","2","",""
"3757","antlr","1","",""
"3758","jcup","1","",""
"3759","fnmatch","1","",""
"3760","html2canvas","2","",""
"3761","coolbeans","1","297082","297081"
"3762","procedimiento","1","",""
"3764","codacy","1","",""
"3765","jacoco","1","",""
"3766","owin","2","",""
"3769","attached-properties","1","",""
"3771","jcalendar","2","310955","310954"
"3773","directivas","2","",""
"3775","angular8","21","",""
"3776","tinker","1","",""
"3777","appium","1","",""
"3778","currency","1","",""
"3779","postfix","2","",""
"3780","dovecot","3","",""
"3781","c++20","1","289329","289328"
"3782","conceptos","1","289333","289332"
"3783","datagridview","31","",""
"3784","cropperjs","1","",""
"3786","pyodbc","3","",""
"3787","cpan","1","",""
"3788","java-6","1","",""
"3789","javamail","4","289739","289738"
"3790","payara","2","289734","289733"
"3791","jest","2","",""
"3792","webhook","5","",""
"3793","arcore","1","",""
"3794","c#-8.0","5","",""
"3795","md-bootstrap","2","",""
"3796","maquetacion","1","",""
"3797","responsivo","1","",""
"3798","crear","2","",""
"3799","culqi","1","",""
"3800","multiselect","2","",""
"3801","pusher","2","",""
"3802","pusher-notifications","1","",""
"3803","htmlunit","3","290953","290952"
"3804","spyder","4","",""
"3806","evergreen","1","",""
"3807","adonisjs","3","291722","291721"
"3808","broadcast","2","",""
"3812","socialite","1","",""
"3813","laravel-6","14","",""
"3814","visualización-de-datos","4","291838","291837"
"3815","r-vegan","1","",""
"3816","itertools","2","",""
"3817","r-markdown","5","",""
"3818","fontastic","1","",""
"3819","rotativa","1","",""
"3820","mapquest","2","296277","296276"
"3821","closedxml","1","",""
"3822","chartjs","6","",""
"3823","peticion","1","",""
"3824","local-notifications","1","",""
"3825","peticiones","3","",""
"3826","corb","1","",""
"3827","binario","7","",""
"3828","calculo","2","",""
"3829","godday","1","",""
"3830",".app","1","",""
"3832","rxtx","1","",""
"3833","loopback","1","",""
"3834","github-package-registry","1","",""
"3835","google-apps-script-menu","3","297134","297133"
"3836","v","1","",""
"3837","interfaz","2","",""
"3838","vue-router","3","",""
"3839","reporte","1","",""
"3840","paint","1","",""
"3841","vscode-api","1","",""
"3842","djongo","1","",""
"3844","dotenv","1","",""
"3845","scraping","13","299851","299850"
"3846","weka","1","",""
"3847","viewmodel","2","",""
"3848","livedata","3","",""
"3849","expresion","1","",""
"3850","regular","2","",""
"3851","referencias","1","",""
"3852","inversas","1","",""
"3853","monedas","1","",""
"3854","cambio","1","",""
"3856","sdk","11","301029","301028"
"3857","trimble-access","1","",""
"3859","categorical","1","",""
"3860","magnific","1","",""
"3861","template-strings","1","",""
"3862","warnings","2","",""
"3863","indentación","1","",""
"3864","playstore","2","",""
"3865","r-igraph","1","302013","302012"
"3866","ean","1","",""
"3867","array-bidimensional","1","",""
"3868","cgi","2","",""
"3869","semantic-html","1","",""
"3870","storage","2","",""
"3872","memoization","1","",""
"3873","xls","1","",""
"3874","clr","1","",""
"3875","sort","2","",""
"3877","wampserver","2","",""
"3880","nomenclatura","1","",""
"3881","código-fuente","1","",""
"3882","pymysql","1","",""
"3883","big-o","1","",""
"3884","boot","2","",""
"3885","serialize","2","",""
"3886","deserialize","1","",""
"3887","manifest","1","",""
"3888","warnonce","1","",""
"3889","autocompletedecorator","1","",""
"3890","ivy","1","306700","306699"
"3891","resteasy","1","",""
"3892","com","1","",""
"3893","msp430","1","",""
"3894","kill","1","",""
"3896","concatenacion","1","",""
"3897","esb","1","",""
"3898","funciones-agregadas","1","",""
"3899","funciones-ventana","1","",""
"3900","solidworks-pdm","1","",""
"3901","ccstudio","1","",""
"3902","props","1","",""
"3905","webalizer","1","",""
"3907","opera","2","",""
"3909","spring-ws","1","",""
"3910","usecase","1","",""
"3911","viewmode","1","",""
"3912","memoria","1","",""
"3913","malloc","1","",""
"3914","delete","1","",""
"3915","tad","1","",""
"3916","carrusel","1","",""
"3917","txt","2","",""
"3921","doorkeeper","1","",""
"3922","maven-assembly-plugin","1","310989","310988"
"3923","databricks","1","",""
"3924","port","1","",""
"3925","python-docx","1","",""
"3926","variance","1","",""
"3927","seaborn","1","",""
"3928","trait","1","",""
"3929","route53","1","",""
"3930","onactivityresult","1","",""
"3931","scan-qr","1","",""
"3932","meta-tags","1","",""
"3934","servicenow","1","",""
"3935","mostrar-modal","1","",""
"3936","modal-sin-redir","1","",""
"3939","centos6","1","",""
